Date, Category, Note,Monto
6/24/2019, Impuestos, Impuestos Mayo 2019,692.89
6/25/2019, Groceries, Frutas,876.26
6/27/2019, Groceries, Cena,362.32
6/29/2019, Groceries, Desayuno kids,24.11
6/29/2019, Transport, Pasajes museo,69.37
6/29/2019, Eating Out, Almuerzo kids campero,702.84
6/29/2019, Crista, Crista,"1,140.16"
6/29/2019, Medical, Alcohol gel,"1,269.37"
6/30/2019, Groceries, Galletas y Nachos,265.58
6/30/2019, Gifts, Parqueo Dr Sonrisas,396.68
6/30/2019, Car, Gasolina,"1,216.68"
6/30/2019, Eating Out, Almuerzo Pinulito,"1,267.58"
7/1/2019, Rent / Loan, Alquiler Julio,127.42
7/2/2019, Groceries, Frutas,248.32
7/3/2019, Groceries, Almuerzo,858.00
7/4/2019, Marcos, Julio 2019,50.95
7/4/2019, Groceries, Pan para almuerzo,"1,139.21"
7/5/2019, Groceries, Almuerzo,699.47
7/6/2019, Transport, Transmetro,154.63
7/6/2019, Groceries, Desayuno kids,938.32
7/6/2019, Fun, Carcassonne,"1,183.84"
7/7/2019, Groceries, Cookies,177.16
7/7/2019, Eating Out, Almuerzo pupusas,550.05
7/8/2019, Groceries, Almuerzo,104.68
7/9/2019, Groceries, Frutas y verduras,349.26
7/10/2019, Groceries, Almuerzo,822.95
7/11/2019, Groceries, Almuerzo,303.42
7/12/2019, Groceries, Pan tostado,263.68
7/13/2019, Transport, Agua,32.05
7/13/2019, Fun, Feria del libro,232.47
7/13/2019, Transport, Bus feria del libro,608.42
7/13/2019, Transport, Bus y Transmetro,651.47
7/13/2019, Crista, Feria del libro,653.95
7/13/2019, Eating Out, Almuerzo kids,661.16
7/13/2019, Marcos, Feria del libro,716.37
7/13/2019, Groceries, Desayuno chicos,806.37
7/13/2019, Crista, Efectivo,"1,271.26"
7/13/2019, Gifts, Donaci??n rap,"1,279.26"
7/14/2019, Car, Parqueo,"1,130.26"
7/15/2019, Utilities, Internet Tuenti,967.21
7/16/2019, Groceries, Pan tostado,416.00
7/16/2019, Groceries, Frutas,568.26
7/17/2019, Groceries, Refa,683.00
7/18/2019, Groceries, Almuerzo,20.63
7/18/2019, Utilities, Internet trabajo,845.05
7/18/2019, Crista, Pasaje a Ohio,"1,254.11"
7/19/2019, Groceries, Almuerzo,"1,049.47"
7/20/2019, Marcos, Efectivo,0.21
7/20/2019, Crista, Tiempo celular,488.63
7/20/2019, Groceries, Desayuno kids,517.63
7/20/2019, Transport, Transmetro USAC,606.32
7/20/2019, Crista, Efectivo,755.84
7/20/2019, Eating Out, Almuerzo pinulito,"1,058.00"
7/21/2019, Eating Out, Desayuno mc,270.05
7/21/2019, Eating Out, Almuerzo Pig brothers,300.95
7/23/2019, Groceries, Almuerzo,350.21
7/25/2019, Groceries, Almuerzo,13.16
7/25/2019, Groceries, Dinner,46.21
7/27/2019, Transport, Transmetro micoope,213.05
7/27/2019, Transport, Bus Pacific Center,387.53
7/27/2019, Groceries, Desayunos kids,447.58
7/27/2019, Crista, Birthday,462.37
7/27/2019, Transport, Pasaje vuelta,519.68
7/27/2019, Transport, Bus Primavera,691.26
7/27/2019, Utilities, Copia llaves,810.53
7/27/2019, Transport, Pasaje casa,886.95
7/28/2019, Car, Gas,"1,024.63"
7/28/2019, Eating Out, Pizza,"1,198.05"
7/29/2019, Marcos, Seminario,275.58
7/30/2019, Groceries, Almuerzo,510.47
7/30/2019, Groceries, Frutas,980.84
7/31/2019, Groceries, Pan,463.95
8/1/2019, Rent / Loan, Alquiler Agosto,501.11
8/1/2019, Marcos, Agosto 2019,654.84
8/1/2019, Groceries, Almuerzo,817.74
8/2/2019, Groceries, Pan,242.58
8/2/2019, Groceries, Almuerzo,"1,022.05"
8/3/2019, Groceries, Desayuno kids,223.58
8/3/2019, Transport, Transmetro cce,519.79
8/3/2019, Eating Out, Almuerzo con Crista,586.42
8/3/2019, Transport, Bus transmetro casa,"1,002.16"
8/4/2019, Eating Out, Pupusas,35.16
8/4/2019, Groceries, Cena,830.63
8/5/2019, Groceries, Almuerzo,85.63
8/6/2019, Groceries, Frutas,483.47
8/7/2019, Groceries, Cena,47.95
8/7/2019, Groceries, Almuerzo,980.37
8/9/2019, Groceries, Almuerzo,596.21
8/9/2019, Groceries, Cena,842.42
8/10/2019, Groceries, Galletas,363.21
8/10/2019, Eating Out, Last Desayuno kids,438.74
8/10/2019, Crista, Hotel,531.11
8/10/2019, Groceries, Cena,561.21
8/10/2019, Fun, Museo Arte Moderno,601.68
8/10/2019, Eating Out, Last lunch kids,995.05
8/12/2019, Groceries, Almuerzo,258.89
8/12/2019, Eating Out, Ice cream etc,534.74
8/13/2019, Groceries, Frutas,465.05
8/13/2019, Groceries, Almuerzo,"1,215.74"
8/14/2019, Utilities, Internet trabajo,369.32
8/14/2019, Crista, Parqueo aeropuerto,535.37
8/14/2019, Groceries, Cena,"1,139.74"
8/15/2019, Eating Out, Pinulito,586.32
8/15/2019, Groceries, Coca tortillas,"1,154.58"
8/16/2019, Groceries, Almuerzo,147.84
8/16/2019, Utilities, Internet tuenti,"1,116.53"
8/17/2019, Eating Out, Almuerzo KFC,699.37
8/17/2019, Groceries, Leche mayonesa,817.74
8/17/2019, Groceries, Cena,"1,191.00"
8/17/2019, Groceries, Desayuno kid,"1,226.05"
8/18/2019, Eating Out, Almuerzo colombiano,522.58
8/19/2019, Eating Out, DD + C,28.26
8/19/2019, Transport, Busito,110.21
8/20/2019, Groceries, Frutas,434.05
8/20/2019, Groceries, Almuerzo,522.79
8/21/2019, Groceries, Almuerzo,514.63
8/22/2019, Fun, Rifa,"1,101.11"
8/24/2019, Transport, Transmetro+bus,316.84
8/24/2019, Transport, Bus+transmetro,427.79
8/24/2019, Eating Out, Subway del dia x 2,923.58
8/24/2019, Transport, Transmetro centro,965.32
8/25/2019, Groceries, Az??car,370.11
8/25/2019, Eating Out, Carl's Jr,789.58
8/25/2019, Car, Gas,992.89
8/26/2019, Groceries, Cena,703.89
8/26/2019, Groceries, Almuerzo,"1,252.68"
8/27/2019, Groceries, Almuerzo - aguacate,698.84
8/27/2019, Groceries, Frutas,"1,097.11"
8/28/2019, Groceries, Almuerzo,153.37
8/28/2019, Fun, Tempting,955.21
8/28/2019, Marcos, Teatro,"1,232.95"
8/29/2019, Clothing, Calcetines,44.53
8/29/2019, Groceries, Almuerzo,397.37
8/30/2019, Groceries, Cena,382.74
8/30/2019, Marcos, Marcos - Septiembre,"1,201.32"
8/31/2019, Marcos, Fe de edad,17.37
8/31/2019, Fun, Impresion,299.16
8/31/2019, Household, Mouse,670.74
8/31/2019, Transport, Transmetro y buses,804.00
8/31/2019, Transport, Transmetro y bus,950.11
9/2/2019, Transport, Buses y transmetro,375.00
9/2/2019, Eating Out, Pizza,481.84
9/2/2019, Rent / Loan, Alquiler septiembre,729.63
9/2/2019, Clothing, Paca,900.21
9/2/2019, Education, Python con Marcos,"1,088.53"
9/3/2019, Groceries, Frutas,926.37
9/4/2019, Groceries, Pan,"1,135.58"
9/7/2019, Groceries, Desayuno c/Marcos,31.79
9/7/2019, Transport, Transmetro y bus,237.21
9/7/2019, Eating Out, Taco bell,316.58
9/7/2019, Transport, Recarga SIGA,906.74
9/7/2019, Transport, Transmetro z9,973.32
9/7/2019, Groceries, Leche cookies,"1,130.37"
9/7/2019, Transport, Transmetro casa,"1,143.21"
9/7/2019, Clothing, Ginas,"1,155.26"
9/8/2019, Groceries, Desayuno 21 Mack,306.11
9/8/2019, Eating Out, Chinese food,872.16
9/9/2019, Groceries, Medio supermarket,272.79
9/9/2019, Groceries, Almuerzo,634.47
9/10/2019, Groceries, Cookies,330.89
9/10/2019, Crista, Tarjeta prepago,"1,096.58"
9/10/2019, Groceries, Cena - torta,"1,149.26"
9/11/2019, Transport, Transmetro y bus,703.11
9/13/2019, Groceries, Donuts,51.89
9/14/2019, Transport, Transmetro + bus,55.74
9/14/2019, Transport, Bus transmetro,"1,111.89"
9/15/2019, Groceries, Coca,"1,095.11"
9/16/2019, Groceries, Papas y tortilla,726.32
9/17/2019, Groceries, Huevos - almuerzo,716.11
9/17/2019, Eating Out, Sundae,"1,168.11"
9/19/2019, Groceries, Almuerzo coca,344.42
9/19/2019, Utilities, Internet septiembre,532.47
9/20/2019, Groceries, Almuerzo,251.32
9/20/2019, Impuestos, Taxes Agosto,"1,083.05"
9/21/2019, Utilities, Tiempo cel Marcos,357.58
9/21/2019, Transport, Bus y transmetro,442.89
9/21/2019, Transport, Transmetro,702.68
9/21/2019, Transport, Bus + Transmetro,752.11
9/22/2019, Groceries, Pan,496.32
9/22/2019, Eating Out, Coca,740.63
9/23/2019, Groceries, Almuerzo,428.84
9/23/2019, Groceries, Pan,729.84
9/24/2019, Transport, Pasaje cooperativa,548.84
9/24/2019, Fun, Ice cream,739.32
9/24/2019, Groceries, Frutas y verduras,976.47
9/25/2019, Groceries, Almuerzo,"1,244.32"
9/26/2019, Groceries, Miga de pan ,"1,150.37"
9/27/2019, Groceries, Desayuno s??bado,"1,218.58"
9/28/2019, Transport, Transmetro casa,104.74
9/28/2019, Transport, Pasaje Intecap,206.79
9/28/2019, Transport, Transmetro Mack,406.00
9/28/2019, Transport, Pasaje de vuelta,621.84
9/28/2019, Marcos, Home alone,713.16
9/28/2019, Marcos, Octubre 2019,"1,020.16"
9/29/2019, Groceries, Supermercado,164.05
9/29/2019, Eating Out, Del Puente,"1,045.21"
9/30/2019, Groceries, Almuerzo,18.00
10/1/2019, Groceries, Frutas,152.16
10/2/2019, Groceries, Pan cena,361.37
10/2/2019, Transport, Bus banco,726.63
10/2/2019, Groceries, Pan cena,735.63
10/3/2019, Eating Out, Cena 2 tortas,115.68
10/3/2019, Groceries, Almuerzo,163.21
10/4/2019, Groceries, Desayuno s??bado,388.32
10/5/2019, Transport, Pasajes,14.79
10/5/2019, Fun, Helados cine,54.11
10/5/2019, Transport, Pasaje Intecap,371.11
10/5/2019, Fun, El Guas??n - Marcos,459.47
10/5/2019, Transport, Transmetro casa,"1,035.42"
10/5/2019, Eating Out, Hot dogs cine,"1,219.26"
10/6/2019, Groceries, Pricesmart diversos,135.47
10/6/2019, Car, Gasolina,164.68
10/6/2019, Groceries, Coca,451.47
10/6/2019, Eating Out, Pizza pricesmart,"1,016.89"
10/7/2019, Household, Candaditos,170.53
10/7/2019, Eating Out, Almuerzo con Ketzia,394.63
10/7/2019, Transport, Pasaje trabajo,"1,137.21"
10/8/2019, Transport, Pasaje casa,550.26
10/8/2019, Transport, Transmetro,"1,157.68"
10/9/2019, Groceries, Almuerzo,812.53
10/10/2019, Groceries, Almuerzo,581.95
10/10/2019, Groceries, Almuerzos next week,"1,284.68"
10/11/2019, Household, Mouse,"1,018.95"
10/12/2019, Transport, Pasaje Intecap,459.74
10/12/2019, Transport, Pasaje U,562.58
10/12/2019, Transport, Pasaje casa,968.89
10/12/2019, Eating Out, Almuerzo Taco Bell,"1,153.21"
10/13/2019, Eating Out, Almuerzo KFC,998.47
10/15/2019, Groceries, Almuerzo,434.79
10/15/2019, Groceries, Almuerzo,997.26
10/15/2019, Groceries, Frutas,"1,265.95"
10/16/2019, Groceries, Pan dulce,888.95
10/17/2019, Groceries, Almuerzo,932.79
10/18/2019, Groceries, Almuerzo,103.95
10/18/2019, Groceries, Desayuno s??bado,287.11
10/18/2019, Groceries, Grocery,"1,276.21"
10/19/2019, Transport, Pasajes casa,294.58
10/19/2019, Transport, Pasajes Intecap,840.05
10/19/2019, Transport, Pasajes casa,"1,017.16"
10/19/2019, Eating Out, Almuerzo Pinulito,"1,244.74"
10/19/2019, Transport, Pasajes Marcos,"1,257.47"
10/20/2019, Groceries, Cookies + groceries,124.95
10/20/2019, Utilities, Internet - octubre,281.68
10/21/2019, Clothing, Chanclas megapaca,229.42
10/21/2019, Eating Out, Desayuno Patsy,398.84
10/21/2019, Groceries, Coca,751.00
10/21/2019, Clothing, Lens straps,"1,213.84"
10/22/2019, Groceries, Almuerzo,525.53
10/22/2019, Groceries, Frutas,842.79
10/24/2019, Marcos, Pan cena,87.26
10/25/2019, Groceries, Pan almuerzo,616.68
10/25/2019, Groceries, Groceries,900.05
10/26/2019, Eating Out, Almuerzo Subway,262.95
10/26/2019, Transport, Pasajes vuelta,950.37
10/26/2019, Transport, Pasajes casa,"1,020.53"
10/26/2019, Marcos, Para pasajes,"1,183.84"
10/26/2019, Transport, Pasajes Intecap,"1,206.53"
10/27/2019, Household, Memoria ram,237.32
10/27/2019, Transport, Pasaje vuelta,"1,123.00"
10/28/2019, Transport, Pasajes Intelaf,365.21
10/28/2019, Household, Memoria ram,928.42
10/29/2019, Eating Out, Almuerzo Ketzia,255.00
10/29/2019, Transport, Pasaje vuelta,881.16
10/29/2019, Transport, Busito,"1,071.68"
10/29/2019, Groceries, Frutas,"1,180.00"
10/30/2019, Marcos, Marcos Noviembre,261.63
10/30/2019, Groceries, Cena,411.05
10/30/2019, Groceries, Almuerzo,"1,258.26"
10/31/2019, Transport, Pasajes,523.05
11/1/2019, Rent / Loan, Renta noviembre,423.95
11/1/2019, Groceries, Almuerzos,"1,105.95"
11/2/2019, Groceries, Sugar + cookies,8.74
11/2/2019, Marcos, 2 cuerdas guitarra,93.37
11/2/2019, Marcos, Para pasajes,154.95
11/2/2019, Transport, Pasajes Intecap,771.68
11/2/2019, Marcos, Memoria Ram,882.47
11/2/2019, Transport, Pasajes casa,"1,094.58"
11/2/2019, Eating Out, Almuerzo Mc Donalds,"1,167.53"
11/3/2019, Transport, Pasajes,543.53
11/4/2019, Groceries, Aguacate,928.05
11/5/2019, Groceries, Frutas y verduras,"1,001.84"
11/6/2019, Groceries, Pan dulce,38.79
11/6/2019, Groceries, Para almuerzos,444.53
11/7/2019, Household, Cepillos y bombilla,144.32
11/9/2019, Groceries, Cookies,11.84
11/9/2019, Transport, Pasajes hiper Paiz,20.95
11/9/2019, Fun," Help ""Venezuelan""",70.05
11/9/2019, Groceries, Desayuno con Marcos,154.00
11/9/2019, Transport, Pasajes de vuelta,335.84
11/9/2019, Marcos, Para pasajes,376.47
11/10/2019, Eating Out, Almuerzo Subway,329.37
11/10/2019, Car, Parqueo,578.74
11/10/2019, Groceries, Para almuerzos,"1,147.26"
11/12/2019, Groceries, Frutas y verduras,410.37
11/12/2019, Groceries, Coca,"1,128.32"
11/13/2019, Groceries, Almuerzo,676.26
11/15/2019, Groceries, Pan dulce,804.79
11/16/2019, Marcos, Torta,318.63
11/16/2019, Eating Out, Almuerzo KFC,436.42
11/16/2019, Marcos, Pasajes Marcos,954.58
11/16/2019, Transport, Pasajes Intecap,"1,000.68"
11/16/2019, Transport, Pasajes casa,"1,156.68"
11/16/2019, Transport, Pasajes trabajo,"1,271.84"
11/17/2019, Eating Out, Primavera,478.95
11/17/2019, Groceries, Desayuno,606.58
11/17/2019, Car, Gasolina,727.21
11/17/2019, Groceries, Para almuerzos,866.53
11/18/2019, Utilities, Internet Diciembre,955.58
11/19/2019, Ketzia, Birthday,425.26
11/19/2019, Ketzia, Almuerzo ,"1,264.95"
11/20/2019, Groceries, Aguacates,664.89
11/21/2019, Groceries, Tortillas,803.05
11/21/2019, Eating Out, Pupusas,"1,234.95"
11/22/2019, Groceries, Aguacates,830.16
11/22/2019, Transport, Busito,830.26
11/23/2019, Eating Out, Subway,549.47
11/23/2019, Transport, Pasaje Intecap,"1,046.42"
11/23/2019, Marcos, Cooperativa,"1,161.37"
11/23/2019, Transport, Pasaje de vuelta,"1,288.00"
11/24/2019, Eating Out, Pan pita,"1,267.53"
11/25/2019, Groceries, Pan para desayuno,71.21
11/25/2019, Education, Play store,171.05
11/25/2019, Groceries, Aguacate,944.05
11/26/2019, Groceries, Frutas,977.84
11/26/2019, Transport, Pasaje de vuelta,"1,126.26"
11/27/2019, Utilities, Llamada telef??nica,671.32
11/27/2019, Marcos, Pastel y Dr Pepper,835.89
11/27/2019, Groceries, Coca cola,910.47
11/27/2019, Groceries, Coditos y pan,"1,231.00"
11/28/2019, Groceries, Magdalena,19.26
11/28/2019, Medical, Tabcin,705.74
11/28/2019, Groceries, Rasuradora,"1,137.79"
11/29/2019, Marcos, Fotos,512.68
11/29/2019, Utilities, Tuenti,622.89
11/29/2019, Car, Gasolina,721.89
11/29/2019, Eating Out, Pecos bill,723.47
11/29/2019, Car, Parqueo graduaci??n,832.84
11/30/2019, Marcos, Diciembre 2019,205.68
11/30/2019, Eating Out, Pizza y coca,485.26
11/30/2019, Eating Out, Desayuno mac,596.68
11/30/2019, Marcos, Pasaje de vuelta,663.74
11/30/2019, Transport, Pasaje casa,698.32
11/30/2019, Transport, Pasaje Intecap,826.42
12/1/2019, Eating Out, Pig brothers,"1,238.63"
12/3/2019, Groceries, Pan tostado,865.37
12/3/2019, Groceries, Frutas,"1,114.58"
12/4/2019, Groceries, Tomates,825.79
12/6/2019, Groceries, Aguacate,712.84
12/7/2019, Groceries, Cena,41.89
12/7/2019, Transport, Pasajes vuelta,373.05
12/7/2019, Transport, Pasajes de vuelta,426.47
12/7/2019, Marcos, Para pasajes,632.79
12/7/2019, Eating Out, Mc Donalds,808.00
12/7/2019, Transport, Pasajes a Intecap,"1,278.63"
12/8/2019, Groceries, Super mercado,592.00
12/9/2019, Groceries, Pan,679.53
12/10/2019, Groceries, Pollo cena,731.37
12/10/2019, Groceries, Frutas,"1,046.68"
12/11/2019, Groceries, Bananos,109.79
12/12/2019, Groceries, Pan,556.05
12/12/2019, Groceries, Tortillas y mineral,"1,231.53"
12/13/2019, Eating Out, Cena mac,113.79
12/13/2019, Groceries, Coca plus aguacate,477.00
12/13/2019, Groceries, Dona,"1,104.42"
12/14/2019, Transport, Pasajes casa,28.05
12/14/2019, Gifts, ??tiles orfanato,139.74
12/14/2019, Groceries, Desayuno,187.47
12/14/2019, Eating Out, Hotdog gasolinera,"1,186.84"
12/15/2019, Groceries, Naranjada + snacks,102.89
12/15/2019, Groceries, Pricesmart,"1,112.32"
12/17/2019, Groceries, Frutas,674.32
12/17/2019, Utilities, Internet diciembre,765.11
12/18/2019, Groceries, Almuerzo,"1,063.16"
12/19/2019, Groceries, Pollo perra,575.26
12/19/2019, Groceries, Tortillas y lim??n,855.42
12/19/2019, Groceries, Pan para Navidad,"1,025.84"
12/19/2019, Medical, Crema labios,"1,188.42"
12/20/2019, Groceries, Magdalena,412.00
12/20/2019, Groceries, Medio super,698.89
12/20/2019, Eating Out, Pizza con Zule,761.89
12/21/2019, Eating Out, Almuerzo del Puente,152.11
12/21/2019, Car, Gas,161.95
12/21/2019, Groceries, Desayuno con Marcos,278.16
12/21/2019, Crista, Xmas gift,544.53
12/21/2019, Marcos, Pasajes,568.26
12/21/2019, Ketzia, Xmas gift,770.84
12/21/2019, Utilities, Tiempo cel Marcos,"1,029.89"
12/21/2019, Marcos, Xmas gift,"1,169.11"
12/21/2019, Car, Parqueo Cenma,"1,191.63"
12/22/2019, Car, Parqueo cenma,146.53
12/22/2019, Groceries, Super,258.05
12/22/2019, Eating Out, Mac con madre,338.63
12/22/2019, Impuestos, Noviembre 2019,651.95
12/22/2019, Eating Out, Mac para Rb,"1,096.21"
12/23/2019, Groceries, Coca,705.89
12/23/2019, Groceries, Pollo,"1,032.32"
12/24/2019, Groceries, Coca,297.84
12/24/2019, Groceries, Te de menta,769.32
12/24/2019, Car, Parqueo Dennys,794.89
12/24/2019, Groceries, Az??car y leche,"1,086.47"
12/26/2019, Groceries, Aguacate,386.58
12/27/2019, Marcos, Marcos Enero 2020,552.21
12/28/2019, Groceries, Frutas,23.05
12/28/2019, Eating Out, Almuerzo Marcos,"1,033.53"
12/28/2019, Groceries, Desayuno Marcos,"1,184.11"
12/28/2019, Marcos, Pasajes,"1,202.32"
12/29/2019, Eating Out, Almierzo Comida China,272.79
12/29/2019, Eating Out, Almuerzo Subway,310.00
12/30/2019, Utilities, Tuenti,477.21
12/30/2019, Groceries, Aguacates y tomates,994.42
12/31/2019, Groceries, Pastel anfora,538.26
12/31/2019, Eating Out, Almuerzo Subway ,"1,010.79"
12/31/2019, Marcos, Pasajes,"1,163.47"
1/1/2020, Rent / Loan, Alquiler Enero 2020,"1,258.11"
1/2/2020, Fun, Viaje a Purulha,254.42
1/2/2020, Groceries, Aguacate y coca,"1,188.47"
1/3/2020, Groceries, Supercito,396.26
1/3/2020, Groceries, Pan,416.79
1/4/2020, Car, Gas,21.21
1/4/2020, Transport, Transmetro Pacific,612.74
1/4/2020, Household, Paper bathroom,813.74
1/4/2020, Eating Out, Desayuno Cafesa,911.16
1/5/2020, Utilities, Claro prepago,441.11
1/5/2020, Groceries, Bananos,509.63
1/5/2020, Eating Out, Al macarone,"1,138.21"
1/6/2020, Groceries, Verduras almuerzo,81.95
1/6/2020, Utilities, Recarga claro,110.63
1/6/2020, Groceries, Tortillas,443.53
1/7/2020, Clothing, Tapones de oido,649.84
1/7/2020, Groceries, Frutas,"1,245.58"
1/10/2020, Groceries, Aguacates y coca,902.00
1/10/2020, Groceries, Snacks,967.84
1/11/2020, Fun, Exposici??n modelos,91.74
1/11/2020, Groceries, Pi??a,136.89
1/11/2020, Groceries, Cereal and cookies,197.74
1/11/2020, Transport, Pasajes casa,728.47
1/11/2020, Groceries, Desayuno con Marcos,791.00
1/11/2020, Eating Out, Almuerzo Carls jr,854.84
1/12/2020, Groceries, Supermercado,311.05
1/12/2020, Eating Out, Almuerzo Pinulito,361.42
1/14/2020, Groceries, Frutas,"1,156.32"
1/15/2020, Utilities, Internet,220.21
1/15/2020, Groceries, Pan,580.63
1/15/2020, Marcos, Pago Universidad,"1,158.42"
1/16/2020, Groceries, Tomates and sopa,52.63
1/18/2020, Marcos, Para Pasajes,588.53
1/18/2020, Eating Out, Almuerzo Taco Bell,806.21
1/18/2020, Groceries, Milk,888.79
1/18/2020, Transport, Pasajes casa,"1,187.84"
1/18/2020, Groceries, Desayuno con Marcos,"1,232.63"
1/19/2020, Groceries, PriceSmart,"1,018.84"
1/20/2020, Transport, Pasajes,"1,101.11"
1/21/2020, Groceries, Baggette,455.68
1/21/2020, Groceries, Aguacate y coca,509.84
1/21/2020, Groceries, Frutas y verduras,644.47
1/21/2020, Groceries, Dollar city,936.11
1/23/2020, Groceries, Aguacates and lemon,732.74
1/23/2020, Groceries, Bananos y sal,948.21
1/25/2020, Groceries, Desayuno con Marcos,227.58
1/25/2020, Transport, Pasajes rb,351.42
1/25/2020, Marcos, Para pasajes,407.16
1/25/2020, Transport, Pasajes habitaci??n,713.47
1/25/2020, Eating Out, Almuerzo Subway,"1,000.16"
1/25/2020, Transport, Pasajes retorno,"1,263.21"
1/26/2020, Car, Gas,976.32
1/26/2020, Utilities, Silla,"1,125.32"
1/26/2020, Eating Out, Almuerzo Subway,"1,149.37"
1/27/2020, Groceries, Aguacate y coca,274.26
1/28/2020, Groceries, Frutas,167.21
1/29/2020, Groceries, Pi??a,914.26
1/30/2020, Groceries, Donas,808.42
1/31/2020, Transport, Pasajes,485.16
1/31/2020, Groceries, Supermercado,619.37
1/31/2020, Marcos, Marcos Febrero 2020,"1,232.47"
2/1/2020, Transport, Pasajes,290.63
2/1/2020, Transport, Pasajes rb,344.42
2/1/2020, Utilities, Internet,430.84
2/1/2020, Groceries, Jabon y agua,673.58
2/1/2020, Transport, Pasajes de vuelta,954.58
2/2/2020, Groceries, Tomates,133.74
2/2/2020, Eating Out, Almuerzo Chimichangas,"1,043.16"
2/2/2020, Fun, Anciano sem??foro,"1,269.26"
2/4/2020, Groceries, Frutas,675.95
2/4/2020, Transport, Busito de vuelta,689.74
2/4/2020, Transport, Transmetro Ketzia,998.16
2/7/2020, Groceries, Supermercado,748.32
2/7/2020, Groceries, Tortillas y coca,999.05
2/8/2020, Transport, Bus,143.47
2/8/2020, Groceries, Pi??a,176.00
2/8/2020, Transport, Pasaje de vuelta,301.32
2/8/2020, Marcos, Impresiones ,440.26
2/8/2020, Gifts, Libro Zule,444.95
2/8/2020, Utilities, Internet Tuenti,552.95
2/8/2020, Groceries, Cereal,678.95
2/8/2020, Groceries, Desayuno con Marcos,"1,164.58"
2/8/2020, Eating Out, Almuerzo Mac,"1,253.95"
2/9/2020, Groceries, Pricesmart,58.00
2/9/2020, Gifts, Packer PriceSmart,971.37
2/10/2020, Gifts, Envio Libro Zule,425.89
2/11/2020, Groceries, Frutas,"1,108.11"
2/12/2020, Groceries, Dona y pan,723.95
2/13/2020, Utilities, Internet,839.95
2/14/2020, Groceries, Supermercado,867.47
2/15/2020, Groceries, Pi??a y laurel,126.89
2/15/2020, Groceries, Protex,356.84
2/15/2020, Eating Out, Coca,386.16
2/15/2020, Marcos, Para pasajes,473.00
2/15/2020, Transport, Pasajes habitaci??n,902.42
2/15/2020, Groceries, Leche,"1,181.26"
2/15/2020, Groceries, Desayuno,"1,182.58"
2/17/2020, Groceries, Aguacates,"1,128.79"
2/18/2020, Marcos, Tortillas,414.47
2/18/2020, Gifts, Coca,418.26
2/18/2020, Transport, Pasajes Conduent,529.32
2/18/2020, Transport, Pasaje de vuelta,"1,213.05"
2/18/2020, Groceries, Frutas,"1,281.42"
2/20/2020, Groceries, Supermercado,348.63
2/22/2020, Groceries, Pi??a,425.63
2/22/2020, Transport, Pasajes habitaci??n,767.68
2/22/2020, Eating Out, Almuerzo subway,"1,126.05"
2/24/2020, Transport, Pasajes Conduent,374.89
2/24/2020, Transport, Pasajes de vuelta,913.53
2/24/2020, Groceries, Frutas,960.42
2/25/2020, Groceries, Frutas,720.05
2/25/2020, Gifts, Coca,"1,285.58"
2/28/2020, Marcos, Marcos - Marzo 2020,30.63
2/28/2020, Groceries, Medio super,139.95
2/29/2020, Groceries, Pi??as y cocos,67.11
2/29/2020, Transport, Pasajes de vuelta,176.16
2/29/2020, Eating Out, Desayuno con Marcos,274.21
2/29/2020, Transport, Pasajes habitacion,466.37
2/29/2020, Marcos, Pago lab mate,511.89
2/29/2020, Eating Out, Almuerzo KFC,777.16
2/29/2020, Utilities, Llamada KFC,846.16
2/29/2020, Medical, Lentes,"1,236.47"
3/1/2020, Clothing, Short megapaca,67.63
3/1/2020, Rent / Loan, Alquiler Marzo 2020,262.00
3/1/2020, Clothing, Tenis megapaca,529.42
3/1/2020, Car, Gasolina,755.42
3/1/2020, Groceries, Supermercado,"1,051.74"
3/3/2020, Groceries, Frutas y verduras,96.32
3/5/2020, Groceries, Cilantro y snacks,100.21
3/6/2020, Groceries, Coca y tortrix,"1,255.58"
3/7/2020, Transport, Pasajes de vuelta,352.79
3/7/2020, Utilities, Internet Tuenti,460.68
3/7/2020, Medical, Gel alcohol,540.05
3/7/2020, Groceries, Desayuno con Marcos,737.16
3/7/2020, Groceries, Pi??as,950.79
3/7/2020, Transport, Pasaje habitaci??n,"1,058.89"
3/8/2020, Groceries, Verduras,127.84
3/8/2020, Transport, Transmetro vuelta,179.53
3/8/2020, Medical, Alcohol en gel,422.37
3/8/2020, Groceries, Medio super,447.68
3/8/2020, Eating Out, Almuerzo Shawarmas,859.58
3/10/2020, Groceries, Frutas,186.95
3/11/2020, Groceries, La torre,164.26
3/11/2020, Marcos, Birthday gift,951.00
3/12/2020, Gifts, Sobre regalo Marcos,77.16
3/13/2020, Groceries, Mineral y huevos,"1,190.89"
3/14/2020, Eating Out, Almuerzo McDonald's,18.95
3/14/2020, Marcos, Para pasajes,261.32
3/14/2020, Groceries, Desayuno con Marcos,595.79
3/14/2020, Groceries, 2 pi??as,938.95
3/15/2020, Groceries, Mineral y naranjas,379.68
3/15/2020, Eating Out, Pizza Papa John's,557.79
3/15/2020, Groceries, Pricesmart,"1,123.68"
3/16/2020, Ketzia, Compu x coronavirus,175.47
3/16/2020, Groceries, Papaya y bananos,497.11
3/17/2020, Groceries, 7 platanos,622.32
3/18/2020, Groceries, Tomates y tortrix,477.26
3/18/2020, Utilities, Internet Abril,494.68
3/19/2020, Gifts, Efectivo a Zule,"1,194.37"
3/21/2020, Groceries, Cocs,217.42
3/21/2020, Eating Out, Pizza Papa Johns,"1,035.68"
3/21/2020, Eating Out, Pastel con Marcos,"1,167.11"
3/21/2020, Groceries, Frutas,"1,201.21"
3/22/2020, Eating Out, Almuerzo KFC,436.63
3/23/2020, Utilities, Grifo,527.11
3/28/2020, Car, Gas,177.26
3/28/2020, Groceries, 2 cocas almuerzo,230.89
3/28/2020, Marcos, Marcos Abril 2020,283.37
3/28/2020, Groceries, Frutas,"1,086.42"
3/29/2020, Eating Out, Almuerzo alitas KFC,777.68
3/30/2020, Groceries, Propina glovo,951.68
3/31/2020, Groceries, Frutas y verduras,711.42
4/1/2020, Rent / Loan, Alquiler Abril 2020,487.32
4/2/2020, Groceries, Super dos semanas,554.21
4/2/2020, Groceries, Tortillas,928.11
4/4/2020, Medical, Jarabe para la tos,286.63
4/4/2020, Eating Out, Pizza papa johns,624.74
4/4/2020, Groceries, Frutas,762.21
4/4/2020, Groceries, Desayuno con Marcos,"1,185.68"
4/8/2020, Groceries, Coca y mineral,806.84
4/9/2020, Medical, Mascarillas,678.42
4/10/2020, Groceries, Desayuno con Marcos,955.89
4/11/2020, Eating Out, Pizza Hut,23.32
4/11/2020, Groceries, Desayuno con Marcos,111.95
4/11/2020, Utilities, Internet tuenti,488.58
4/12/2020, Eating Out, Pizza Papa John's,303.16
4/13/2020, Groceries, Frutas,55.11
4/14/2020, Groceries, Frutas y verduras,750.63
4/15/2020, Utilities, Internet,"1,233.37"
4/17/2020, Utilities, Internet Tigo,934.74
4/18/2020, Transport, Uber a casa Marcos,365.89
4/18/2020, Transport, Uber a habitaci??n,442.89
4/18/2020, Eating Out, Almuerzo pinulito,625.32
4/18/2020, Groceries, Desayuno Marcos,654.74
4/18/2020, Transport, Uber a habitaci??n,"1,196.21"
4/19/2020, Groceries, Frutas,298.37
4/19/2020, Groceries, Huevos,411.32
4/19/2020, Groceries, 4 sopas y agua,962.05
4/20/2020, Education, Maestr??a,364.42
4/21/2020, Impuestos, Impuestos Marzo,"1,260.42"
4/25/2020, Groceries, 4 huevos,53.53
4/25/2020, Groceries, 6 bananos,705.74
4/25/2020, Groceries,Cereal leche jamon,866.21
4/25/2020, Eating Out, Almuerzo Papa johns,"1,265.42"
4/26/2020, Groceries, Frutas y tomates,143.21
4/28/2020, Marcos, Marcos Mayo 2020,"1,126.84"
4/30/2020, Education, Pago maestria,754.89
5/1/2020, Rent / Loan, Alquiler mayo 2020,582.63
5/2/2020, Eating Out, Pizza alitas y coca,461.95
5/2/2020, Groceries, Desayuno con Marcos,591.63
5/2/2020, Transport, Uber a habitaci??n,"1,284.74"
5/3/2020, Groceries, Frutas y verduras,125.05
5/3/2020, Groceries, Huevos y shampoo,276.05
5/3/2020, Eating Out, Pollo Pinulito,875.58
5/3/2020, Medical, Bicarbonato,959.89
5/3/2020, Groceries, Sal,"1,253.21"
5/5/2020, Medical, 2 clotriplex,583.95
5/5/2020, Utilities, Internet Tigo,873.89
5/9/2020, Transport, Uber a habitacion,435.42
5/9/2020, Groceries, Shampoo y suavitel,"1,001.11"
5/9/2020, Groceries, Huevos y salchichas,"1,140.00"
5/13/2020, Medical, 1 clotriplex,281.79
5/13/2020, Groceries, Agua pura,949.63
5/18/2020, Groceries, Verduras,"1,126.89"
5/19/2020, Groceries, 2 papayas,92.37
5/22/2020, Groceries, 4 mangos y 2 pi??as,233.05
5/23/2020, Eating Out, Big Box XL KFC,"1,056.84"
5/25/2020, Groceries, Carnes,700.58
5/27/2020, Groceries, Frutas y verduras,140.63
5/28/2020, Groceries, Frijoles,122.05
5/28/2020, Groceries, Medio supercito,715.74
5/29/2020, Groceries, Snacks,216.53
5/29/2020, Groceries, Coca y maseca,713.11
5/31/2020, Gifts, Purulh??,699.84
6/1/2020, Rent / Loan, Alquiler Junio 2020,154.58
6/1/2020, Groceries, Frutas,801.16
6/6/2020, Groceries, Nueces,683.95
6/6/2020, Groceries, Snacks,739.42
6/8/2020, Groceries, Medio dollar city,777.84
6/9/2020, Groceries, Frutas,326.47
6/11/2020, Gifts, Pasteles Rebeca,187.21
6/13/2020, Eating Out, Pinulito,301.84
6/13/2020, Car, Gasolina,"1,236.79"
6/18/2020, Medical, Amonio cuaternario,"1,110.11"
6/21/2020, Impuestos, Impuestos Mayo,356.89
6/23/2020, Groceries, Frutas y verduras,194.84
6/27/2020, Eating Out, Pinulito,421.00
6/27/2020, Groceries, Coca y papaya,"1,188.74"
6/29/2020, Groceries, Tienda,295.37
7/1/2020, Rent / Loan, Alquiler Julio 2020,"1,084.68"
